{"stats":{"minecraft:used":{"minecraft:golden_sword":1,"minecraft:warped_wart_block":1,"minecraft:twisting_vines":2,"minecraft:crossbow":2},"minecraft:mined":{"minecraft:twisting_vines":1,"minecraft:fire":7,"minecraft:soul_fire":1,"minecraft:red_mushroom":9,"minecraft:warped_wart_block":1},"minecraft:killed":{"minecraft:player":1},"minecraft:killed_by":{"minecraft:piglin":2,"minecraft:piglin_brute":1},"minecraft:picked_up":{"minecraft:twisting_vines":2,"minecraft:warped_wart_block":1,"minecraft:red_mushroom":8,"minecraft:crossbow":2,"minecraft:string":9,"minecraft:bone_block":6},"minecraft:custom":{"minecraft:open_chest":2,"minecraft:time_since_rest":1974,"minecraft:crouch_one_cm":2630,"minecraft:play_time":32191,"minecraft:sprint_one_cm":62489,"minecraft:walk_one_cm":57222,"minecraft:damage_taken":1145,"minecraft:deaths":4,"minecraft:sneak_time":751,"minecraft:mob_kills":1,"minecraft:jump":591,"minecraft:leave_game":1,"minecraft:damage_dealt":142,"minecraft:time_since_death":1940,"minecraft:total_world_time":32191,"minecraft:climb_one_cm":4498,"minecraft:fall_one_cm":19271,"minecraft:fly_one_cm":78709,"minecraft:player_kills":1}},"DataVersion":3465}