{"stats":{"minecraft:mined":{"minecraft:twisting_vines_plant":1,"minecraft:fire":13,"minecraft:soul_fire":4,"minecraft:warped_fungus":2,"minecraft:twisting_vines":1,"minecraft:warped_stem":16,"minecraft:warped_wart_block":1},"minecraft:broken":{"minecraft:golden_sword":1},"minecraft:used":{"minecraft:warped_trapdoor":2,"minecraft:iron_sword":6,"minecraft:brown_mushroom":1,"minecraft:golden_leggings":1,"minecraft:rotten_flesh":2,"minecraft:golden_sword":2,"minecraft:soul_sand":3,"minecraft:warped_wart_block":1,"minecraft:soul_soil":1,"minecraft:crafting_table":1,"minecraft:cooked_porkchop":1,"minecraft:warped_planks":29},"minecraft:killed_by":{"minecraft:player":1,"minecraft:zombified_piglin":1,"minecraft:piglin_brute":1,"mutantmonsters:mutant_enderman":1,"minecraft:enderman":1},"minecraft:killed":{"minecraft:piglin":2},"minecraft:custom":{"minecraft:time_since_rest":3554,"minecraft:sprint_one_cm":85767,"minecraft:damage_taken":1750,"minecraft:walk_one_cm":50155,"minecraft:mob_kills":3,"minecraft:damage_dealt":540,"minecraft:interact_with_crafting_table":2,"minecraft:fly_one_cm":128478,"minecraft:open_chest":2,"minecraft:crouch_one_cm":989,"minecraft:play_time":26568,"minecraft:deaths":6,"minecraft:sneak_time":302,"minecraft:jump":713,"minecraft:leave_game":2,"minecraft:time_since_death":3518,"minecraft:total_world_time":26568,"minecraft:climb_one_cm":3339,"minecraft:fall_one_cm":24325},"minecraft:picked_up":{"minecraft:warped_fungus":2,"minecraft:brown_mushroom":1,"minecraft:warped_wart_block":1,"minecraft:warped_trapdoor":1,"minecraft:warped_planks":21,"minecraft:golden_sword":1,"minecraft:soul_soil":1,"minecraft:rotten_flesh":2,"minecraft:warped_stem":16,"minecraft:netherrack":10,"minecraft:soul_sand":6},"minecraft:crafted":{"minecraft:warped_planks":64,"minecraft:crafting_table":1,"minecraft:warped_trapdoor":2}},"DataVersion":3465}