{"stats":{"minecraft:mined":{"minecraft:weeping_vines_plant":1,"minecraft:soul_sand":1,"minecraft:blackstone":34,"minecraft:twisting_vines_plant":1,"minecraft:nether_sprouts":1,"minecraft:fire":16,"minecraft:purple_stained_glass":4,"minecraft:soul_fire":4,"minecraft:warped_fungus":2,"minecraft:crafting_table":1,"minecraft:twisting_vines":1,"minecraft:warped_stem":16,"minecraft:soul_soil":44,"minecraft:netherrack":4,"minecraft:crimson_stem":10,"minecraft:warped_wart_block":1},"minecraft:dropped":{"minecraft:weeping_vines":1,"minecraft:wooden_pickaxe":1},"minecraft:broken":{"minecraft:golden_sword":1},"minecraft:used":{"minecraft:warped_trapdoor":2,"minecraft:stone_pickaxe":3,"minecraft:wooden_pickaxe":35,"minecraft:brown_mushroom":1,"minecraft:iron_sword":6,"minecraft:rotten_flesh":5,"minecraft:golden_leggings":1,"minecraft:netherrack":2,"minecraft:stone_axe":1,"minecraft:golden_sword":2,"minecraft:soul_sand":3,"minecraft:warped_wart_block":1,"minecraft:crafting_table":3,"minecraft:soul_soil":39,"minecraft:cooked_porkchop":1,"minecraft:warped_planks":40},"minecraft:killed_by":{"minecraft:player":1,"minecraft:zombified_piglin":1,"minecraft:piglin_brute":1,"mutantmonsters:mutant_enderman":1,"minecraft:enderman":2},"minecraft:killed":{"minecraft:piglin":3,"minecraft:zombified_piglin":4},"minecraft:custom":{"minecraft:time_since_rest":3488,"minecraft:sprint_one_cm":123814,"minecraft:damage_taken":2750,"minecraft:walk_one_cm":92353,"minecraft:mob_kills":9,"minecraft:drop":2,"minecraft:damage_dealt":2066,"minecraft:interact_with_crafting_table":7,"minecraft:fly_one_cm":199118,"minecraft:open_barrel":1,"minecraft:open_chest":2,"minecraft:crouch_one_cm":2236,"minecraft:play_time":49099,"minecraft:deaths":9,"minecraft:sneak_time":1364,"minecraft:jump":1322,"minecraft:leave_game":3,"minecraft:time_since_death":3438,"minecraft:climb_one_cm":3355,"minecraft:total_world_time":49099,"minecraft:fall_one_cm":39359},"minecraft:picked_up":{"minecraft:crafting_table":1,"minecraft:warped_fungus":2,"minecraft:crimson_stem":10,"minecraft:wooden_pickaxe":1,"minecraft:brown_mushroom":1,"minecraft:warped_wart_block":1,"minecraft:warped_trapdoor":1,"minecraft:warped_planks":21,"minecraft:golden_sword":1,"minecraft:soul_soil":43,"minecraft:weeping_vines":1,"minecraft:blackstone":32,"minecraft:rotten_flesh":5,"minecraft:gold_nugget":1,"minecraft:warped_stem":16,"minecraft:netherrack":14,"minecraft:soul_sand":7},"minecraft:crafted":{"minecraft:warped_planks":64,"minecraft:crimson_planks":40,"minecraft:crafting_table":3,"minecraft:stick":24,"minecraft:wooden_pickaxe":2,"minecraft:stone_pickaxe":2,"minecraft:furnace":2,"minecraft:stone_axe":2,"minecraft:warped_trapdoor":2}},"DataVersion":3465}