{"stats":{"minecraft:mined":{"minecraft:blackstone":14,"minecraft:twisting_vines_plant":1,"minecraft:nether_sprouts":1,"minecraft:purple_stained_glass":4,"minecraft:fire":16,"minecraft:soul_fire":4,"minecraft:warped_fungus":2,"minecraft:crafting_table":1,"minecraft:twisting_vines":1,"minecraft:warped_stem":16,"minecraft:soul_soil":25,"minecraft:netherrack":2,"minecraft:crimson_stem":4,"minecraft:warped_wart_block":1},"minecraft:dropped":{"minecraft:wooden_pickaxe":1},"minecraft:broken":{"minecraft:golden_sword":1},"minecraft:used":{"minecraft:warped_trapdoor":2,"minecraft:wooden_pickaxe":16,"minecraft:iron_sword":6,"minecraft:brown_mushroom":1,"minecraft:golden_leggings":1,"minecraft:rotten_flesh":5,"minecraft:netherrack":2,"minecraft:stone_axe":1,"minecraft:golden_sword":2,"minecraft:soul_sand":3,"minecraft:warped_wart_block":1,"minecraft:soul_soil":24,"minecraft:crafting_table":2,"minecraft:cooked_porkchop":1,"minecraft:warped_planks":40},"minecraft:killed_by":{"minecraft:player":1,"minecraft:zombified_piglin":1,"minecraft:piglin_brute":1,"mutantmonsters:mutant_enderman":1,"minecraft:enderman":2},"minecraft:killed":{"minecraft:piglin":3,"minecraft:zombified_piglin":4},"minecraft:custom":{"minecraft:time_since_rest":2137,"minecraft:sprint_one_cm":113477,"minecraft:damage_taken":2640,"minecraft:walk_one_cm":76586,"minecraft:mob_kills":9,"minecraft:drop":1,"minecraft:damage_dealt":2039,"minecraft:open_barrel":1,"minecraft:interact_with_crafting_table":4,"minecraft:fly_one_cm":181879,"minecraft:open_chest":2,"minecraft:crouch_one_cm":2218,"minecraft:play_time":42361,"minecraft:deaths":8,"minecraft:sneak_time":1329,"minecraft:jump":1175,"minecraft:leave_game":3,"minecraft:time_since_death":2025,"minecraft:total_world_time":42361,"minecraft:climb_one_cm":3355,"minecraft:fall_one_cm":36318},"minecraft:picked_up":{"minecraft:crafting_table":1,"minecraft:warped_fungus":2,"minecraft:crimson_stem":4,"minecraft:wooden_pickaxe":1,"minecraft:brown_mushroom":1,"minecraft:warped_wart_block":1,"minecraft:warped_trapdoor":1,"minecraft:warped_planks":21,"minecraft:golden_sword":1,"minecraft:soul_soil":24,"minecraft:blackstone":14,"minecraft:rotten_flesh":5,"minecraft:gold_nugget":1,"minecraft:warped_stem":16,"minecraft:netherrack":12,"minecraft:soul_sand":6},"minecraft:crafted":{"minecraft:warped_planks":64,"minecraft:crimson_planks":16,"minecraft:crafting_table":2,"minecraft:stick":8,"minecraft:wooden_pickaxe":1,"minecraft:stone_pickaxe":1,"minecraft:furnace":1,"minecraft:stone_axe":1,"minecraft:warped_trapdoor":2}},"DataVersion":3465}