{"stats":{"minecraft:mined":{"minecraft:blackstone":146,"minecraft:soul_sand":7,"minecraft:twisting_vines_plant":1,"minecraft:soul_fire":4,"minecraft:crafting_table":1,"minecraft:soul_soil":48,"minecraft:crimson_stem":10,"minecraft:warped_wart_block":1,"minecraft:weeping_vines_plant":1,"minecraft:nether_sprouts":1,"minecraft:purple_stained_glass":4,"minecraft:fire":16,"minecraft:warped_fungus":2,"minecraft:twisting_vines":1,"minecraft:warped_stem":16,"minecraft:netherrack":7},"minecraft:dropped":{"minecraft:weeping_vines":1,"minecraft:wooden_pickaxe":1},"minecraft:broken":{"minecraft:golden_sword":1},"minecraft:used":{"minecraft:leather_leggings":1,"minecraft:stone_pickaxe":120,"minecraft:wooden_pickaxe":35,"minecraft:blackstone":105,"minecraft:leather_chestplate":1,"minecraft:iron_sword":6,"minecraft:brown_mushroom":1,"minecraft:rotten_flesh":5,"minecraft:netherrack":2,"minecraft:soul_sand":8,"minecraft:warped_wart_block":1,"minecraft:crafting_table":3,"minecraft:warped_planks":40,"minecraft:warped_trapdoor":2,"minecraft:crimson_planks":1,"minecraft:golden_leggings":1,"minecraft:stone_axe":1,"minecraft:golden_sword":2,"minecraft:soul_soil":47,"minecraft:cooked_porkchop":1},"minecraft:killed":{"minecraft:piglin":3,"minecraft:zombified_piglin":4},"minecraft:killed_by":{"minecraft:ghast":1,"minecraft:player":1,"minecraft:zombified_piglin":1,"minecraft:piglin_brute":1,"mutantmonsters:mutant_enderman":1,"minecraft:enderman":2},"minecraft:custom":{"minecraft:mob_kills":9,"minecraft:interact_with_crafting_table":7,"minecraft:open_barrel":10,"minecraft:leave_game":3,"minecraft:time_since_death":1999,"minecraft:climb_one_cm":3355,"minecraft:time_since_rest":2102,"minecraft:sprint_one_cm":135312,"minecraft:damage_taken":3056,"minecraft:walk_one_cm":105583,"minecraft:drop":2,"minecraft:damage_dealt":2066,"minecraft:fly_one_cm":217298,"minecraft:open_chest":3,"minecraft:crouch_one_cm":16146,"minecraft:play_time":61099,"minecraft:deaths":10,"minecraft:sneak_time":5238,"minecraft:jump":1507,"minecraft:total_world_time":61099,"minecraft:fall_one_cm":45664},"minecraft:picked_up":{"minecraft:crafting_table":1,"minecraft:crimson_stem":10,"minecraft:brown_mushroom":1,"minecraft:wooden_pickaxe":2,"minecraft:warped_trapdoor":1,"minecraft:crimson_planks":9,"minecraft:golden_sword":1,"minecraft:soul_soil":47,"minecraft:blackstone":134,"minecraft:gold_nugget":1,"minecraft:warped_stem":16,"minecraft:stone_pickaxe":1,"minecraft:soul_sand":13,"minecraft:furnace":1,"minecraft:stick":10,"minecraft:warped_fungus":2,"minecraft:warped_wart_block":1,"minecraft:warped_planks":21,"minecraft:weeping_vines":1,"minecraft:rotten_flesh":5,"minecraft:stone_axe":1,"minecraft:netherrack":19},"minecraft:crafted":{"minecraft:crimson_planks":40,"minecraft:crafting_table":3,"minecraft:wooden_pickaxe":2,"minecraft:furnace":2,"minecraft:stone_axe":2,"minecraft:warped_trapdoor":2,"minecraft:warped_planks":64,"minecraft:stick":24,"minecraft:stone_pickaxe":2}},"DataVersion":3465}