{"stats":{"minecraft:used":{"minecraft:torch":1,"minecraft:crafting_table":1,"minecraft:wooden_pickaxe":8},"minecraft:mined":{"minecraft:dark_oak_planks":6,"minecraft:coal_ore":1,"minecraft:dead_bush":2,"minecraft:terracotta":2,"minecraft:stone":4,"minecraft:dark_oak_log":7,"minecraft:crafting_table":1},"minecraft:killed_by":{"minecraft:zombie":1},"minecraft:crafted":{"minecraft:dark_oak_planks":28,"minecraft:torch":4,"minecraft:crafting_table":1,"minecraft:stick":4,"minecraft:wooden_pickaxe":1},"minecraft:picked_up":{"minecraft:dark_oak_planks":33,"minecraft:crafting_table":1,"minecraft:stick":4,"minecraft:terracotta":2,"minecraft:coal":1,"minecraft:dark_oak_log":7,"minecraft:cobblestone":4},"minecraft:custom":{"minecraft:time_since_rest":5132,"minecraft:crouch_one_cm":180,"minecraft:play_time":18941,"minecraft:sprint_one_cm":41203,"minecraft:deaths":1,"minecraft:damage_taken":80,"minecraft:walk_one_cm":19949,"minecraft:sneak_time":41,"minecraft:walk_under_water_one_cm":4226,"minecraft:jump":205,"minecraft:leave_game":2,"minecraft:time_since_death":5097,"minecraft:walk_on_water_one_cm":9026,"minecraft:total_world_time":18941,"minecraft:swim_one_cm":15941,"minecraft:interact_with_crafting_table":1,"minecraft:fall_one_cm":3954,"minecraft:fly_one_cm":45198}},"DataVersion":3465}